model,benchmark,dataset,attack_name,accuracy,precision,recall,f1,num_samples
mixtral,advglue++,mnli,mnli,0.3888888888888889,0.3410774410774411,0.3888888888888889,0.3529541446208113,54
mixtral,advglue++,qnli,qnli,0.484375,0.48113738738738737,0.484375,0.4816994069681245,64
mixtral,advglue++,qqp,qqp,0.4657534246575342,0.3446011281224819,0.4657534246575342,0.34264712901532146,73
mixtral,advglue++,sst2,sst2,0.5970149253731343,0.6298825023817085,0.5970149253731343,0.5803204919018257,67
