model,benchmark,dataset,attack_name,accuracy,precision,recall,f1,num_samples
llama2,promptbench,sst2,bertattack,0.7,0.7388888888888888,0.7,0.6703465982028242,30
llama2,promptbench,sst2,deepwordbug,0.5789473684210527,0.5942982456140351,0.5789473684210527,0.5400809716599191,38
llama2,promptbench,sst2,semantic,0.7,0.82,0.7,0.68125,40
llama2,promptbench,sst2,textbugger,0.5581395348837209,0.6663402692778458,0.5581395348837209,0.48269317800259853,43
llama2,promptbench,sst2,textfooler,0.5365853658536586,0.5923344947735192,0.5365853658536586,0.4710519832471052,41
