model,benchmark,dataset,attack_name,accuracy,precision,recall,f1,num_samples
llama2:13b,promptbench,sst2,bertattack,0.7,0.7947368421052632,0.7,0.615625,20
llama2:13b,promptbench,sst2,deepwordbug,0.7058823529411765,0.6970588235294117,0.7058823529411765,0.6989072308765404,17
llama2:13b,promptbench,sst2,semantic,0.6111111111111112,0.8055555555555556,0.6111111111111112,0.585185185185185,18
llama2:13b,promptbench,sst2,textbugger,0.5789473684210527,0.3859649122807018,0.5789473684210527,0.46315789473684205,19
llama2:13b,promptbench,sst2,textfooler,0.5333333333333333,0.7666666666666667,0.5333333333333333,0.4296296296296296,15
