model,benchmark,dataset,attack_name,accuracy,precision,recall,f1,num_samples
llama2,advglue++,mnli,mnli,0.14285714285714285,0.02040816326530612,0.14285714285714285,0.03571428571428571,7
llama2,advglue++,qnli,qnli,0.391304347826087,0.3103864734299517,0.391304347826087,0.3389434315100514,46
llama2,advglue++,qqp,qqp,0.6666666666666666,0.6705729166666666,0.6666666666666666,0.6575922565033273,48
llama2,advglue++,sst2,sst2,0.6122448979591837,0.662643106022897,0.6122448979591837,0.5618386015937429,49
