model name,model service,accuracy,precision,recall,f1-score
gpt-3.5-turbo,openai,0.43,0.491,0.43,0.43307792207792206
llama3.2,ollama,0.1,0.11333333333333333,0.1,0.09952380952380954
llama2,ollama,0.08,0.10166666666666666,0.08,0.08406926406926406
mistral,ollama,0.0,0.0,0.0,0.0
mixtral,ollama,0.0,0.0,0.0,0.0
phi,ollama,0.0,0.0,0.0,0.0
