model_id,accuracy,precision,recall,f1
llama2:7b,0.7097817299919159,0.9265213308418673,0.7097817299919159,0.7911544742356723
mixtral,0.6370250606305577,0.8938807598730886,0.6370250606305577,0.7286408785285176
llama2:7b,0.7162489894907034,0.930526922937423,0.7162489894907034,0.7964253560389509
llama2:7b,0.7162489894907034,0.928519005349261,0.7162489894907034,0.7953668710527051 - seed 0
llama2:7b,0.7105901374292644,0.9308780092926269,0.7105901374292644,0.792872449162351 - seed 50
llama2:7b,0.7073565076798707,0.9277235433264788,0.7073565076798707,0.7896584144606683 - seed 500
