model_id,accuracy,precision,recall,f1
llama2:7b,0.7097817299919159,0.9265213308418673,0.7097817299919159,0.7911544742356723
mixtral,0.6370250606305577,0.8938807598730886,0.6370250606305577,0.7286408785285176
