model,benchmark,dataset,attack_name,accuracy,precision,recall,f1,num_samples
llama2:13b,advglue++,mnli,mnli,0.29411764705882354,0.11372549019607843,0.29411764705882354,0.1638655462184874,17
llama2:13b,advglue++,qnli,qnli,0.5625,0.5738425925925926,0.5625,0.5557810443176833,48
llama2:13b,advglue++,qqp,qqp,0.46938775510204084,0.45772594752186585,0.46938775510204084,0.4437880415324024,49
llama2:13b,advglue++,sst2,sst2,0.38461538461538464,0.14792899408284024,0.38461538461538464,0.21367521367521367,13
