task,model_id,num_samples,accuracy,asr,precision,recall,f1
mnli,llama2:13b,50.0,0.34,0.2608695652173913,0.27777777777777773,0.3333333333333333,0.24514861213461067
qnli,llama2:13b,50.0,0.5,0.0,0.5,0.5,0.36580416032470825
qqp,llama2:13b,50.0,0.54,0.2222222222222222,0.5459558823529411,0.54,0.5245969408846631
sst2,llama2:13b,50.0,0.62,0.3777777777777777,0.6488095238095238,0.62,0.6006725514922235
combined,combined,50.0,0.5,0.2152173913043478,0.49313579598506063,0.4983333333333333,0.4340555662090514
