model,benchmark,dataset,attack_name,accuracy,precision,recall,f1,num_samples
llama2:13b,promptbench,sst2,bertattack,0.6947368421052632,0.7130339974229358,0.6947368421052632,0.6902904319622585,95
llama2:13b,promptbench,sst2,deepwordbug,0.6907216494845361,0.6940781587149364,0.6907216494845361,0.6897329079547551,97
llama2:13b,promptbench,sst2,semantic,0.7435897435897436,0.7533524824696851,0.7435897435897436,0.7420047900817132,195
llama2:13b,promptbench,sst2,textbugger,0.7710843373493976,0.7803554644108348,0.7710843373493976,0.7701517549902798,83
llama2:13b,promptbench,sst2,textfooler,0.6352941176470588,0.678426259682491,0.6352941176470588,0.6214924723623978,85
