model,benchmark,dataset,attack_name,accuracy,precision,recall,f1,num_samples
llama2:13b,promptbench,sst2,bertattack,0.6486486486486487,0.7959895379250218,0.6486486486486487,0.6039051296194153,37
llama2:13b,promptbench,sst2,deepwordbug,0.5555555555555556,0.5610290093048713,0.5555555555555556,0.5092592592592592,36
llama2:13b,promptbench,sst2,semantic,0.5774647887323944,0.6651487874616118,0.5774647887323944,0.5362946912242688,71
llama2:13b,promptbench,sst2,textbugger,0.5588235294117647,0.6221599751011515,0.5588235294117647,0.5181942544459645,34
llama2:13b,promptbench,sst2,textfooler,0.5757575757575758,0.6121212121212121,0.5757575757575758,0.48737373737373735,33
