model,benchmark,dataset,attack_name,accuracy,precision,recall,f1,num_samples
mixtral,promptbench,sst2,bertattack,0.8771929824561403,0.8812061403508773,0.8771929824561403,0.8767371568419967,57
mixtral,promptbench,sst2,deepwordbug,0.8035714285714286,0.8037087912087912,0.8035714285714286,0.803382977751382,56
mixtral,promptbench,sst2,semantic,0.86,0.8652597402597402,0.86,0.8594941790445604,50
mixtral,promptbench,sst2,textbugger,0.8813559322033898,0.8817269389986723,0.8813559322033898,0.8812876871255662,59
mixtral,promptbench,sst2,textfooler,0.8545454545454545,0.8566192428261393,0.8545454545454545,0.8544492544492545,55
