model,benchmark,dataset,attack_name,accuracy,precision,recall,f1,num_samples
llama2:13b,promptbench,sst2,bertattack,0.7528089887640449,0.7528089887640449,0.7528089887640449,0.7528089887640449,89
llama2:13b,promptbench,sst2,deepwordbug,0.8522727272727273,0.8536931818181818,0.8522727272727273,0.8519856552308943,88
llama2:13b,promptbench,sst2,semantic,0.7333333333333333,0.7560975609756098,0.7333333333333333,0.7287532892397411,195
llama2:13b,promptbench,sst2,textbugger,0.8260869565217391,0.8265409298198552,0.8260869565217391,0.8259222661396576,92
llama2:13b,promptbench,sst2,textfooler,0.7051282051282052,0.7119565217391304,0.7051282051282052,0.7027340513670257,78
